"Label (Grouping)","ZCTA5 90043!!Total!!Estimate","ZCTA5 90043!!Total!!Margin of Error","ZCTA5 90043!!Percent!!Estimate","ZCTA5 90043!!Percent!!Margin of Error","ZCTA5 90043!!Males!!Estimate","ZCTA5 90043!!Males!!Margin of Error","ZCTA5 90043!!Percent Males!!Estimate","ZCTA5 90043!!Percent Males!!Margin of Error","ZCTA5 90043!!Females!!Estimate","ZCTA5 90043!!Females!!Margin of Error","ZCTA5 90043!!Percent Females!!Estimate","ZCTA5 90043!!Percent Females!!Margin of Error","ZCTA5 90045!!Total!!Estimate","ZCTA5 90045!!Total!!Margin of Error","ZCTA5 90045!!Percent!!Estimate","ZCTA5 90045!!Percent!!Margin of Error","ZCTA5 90045!!Males!!Estimate","ZCTA5 90045!!Males!!Margin of Error","ZCTA5 90045!!Percent Males!!Estimate","ZCTA5 90045!!Percent Males!!Margin of Error","ZCTA5 90045!!Females!!Estimate","ZCTA5 90045!!Females!!Margin of Error","ZCTA5 90045!!Percent Females!!Estimate","ZCTA5 90045!!Percent Females!!Margin of Error","ZCTA5 90250!!Total!!Estimate","ZCTA5 90250!!Total!!Margin of Error","ZCTA5 90250!!Percent!!Estimate","ZCTA5 90250!!Percent!!Margin of Error","ZCTA5 90250!!Males!!Estimate","ZCTA5 90250!!Males!!Margin of Error","ZCTA5 90250!!Percent Males!!Estimate","ZCTA5 90250!!Percent Males!!Margin of Error","ZCTA5 90250!!Females!!Estimate","ZCTA5 90250!!Females!!Margin of Error","ZCTA5 90250!!Percent Females!!Estimate","ZCTA5 90250!!Percent Females!!Margin of Error","ZCTA5 90301!!Total!!Estimate","ZCTA5 90301!!Total!!Margin of Error","ZCTA5 90301!!Percent!!Estimate","ZCTA5 90301!!Percent!!Margin of Error","ZCTA5 90301!!Males!!Estimate","ZCTA5 90301!!Males!!Margin of Error","ZCTA5 90301!!Percent Males!!Estimate","ZCTA5 90301!!Percent Males!!Margin of Error","ZCTA5 90301!!Females!!Estimate","ZCTA5 90301!!Females!!Margin of Error","ZCTA5 90301!!Percent Females!!Estimate","ZCTA5 90301!!Percent Females!!Margin of Error","ZCTA5 90302!!Total!!Estimate","ZCTA5 90302!!Total!!Margin of Error","ZCTA5 90302!!Percent!!Estimate","ZCTA5 90302!!Percent!!Margin of Error","ZCTA5 90302!!Males!!Estimate","ZCTA5 90302!!Males!!Margin of Error","ZCTA5 90302!!Percent Males!!Estimate","ZCTA5 90302!!Percent Males!!Margin of Error","ZCTA5 90302!!Females!!Estimate","ZCTA5 90302!!Females!!Margin of Error","ZCTA5 90302!!Percent Females!!Estimate","ZCTA5 90302!!Percent Females!!Margin of Error","ZCTA5 90303!!Total!!Estimate","ZCTA5 90303!!Total!!Margin of Error","ZCTA5 90303!!Percent!!Estimate","ZCTA5 90303!!Percent!!Margin of Error","ZCTA5 90303!!Males!!Estimate","ZCTA5 90303!!Males!!Margin of Error","ZCTA5 90303!!Percent Males!!Estimate","ZCTA5 90303!!Percent Males!!Margin of Error","ZCTA5 90303!!Females!!Estimate","ZCTA5 90303!!Females!!Margin of Error","ZCTA5 90303!!Percent Females!!Estimate","ZCTA5 90303!!Percent Females!!Margin of Error","ZCTA5 90304!!Total!!Estimate","ZCTA5 90304!!Total!!Margin of Error","ZCTA5 90304!!Percent!!Estimate","ZCTA5 90304!!Percent!!Margin of Error","ZCTA5 90304!!Males!!Estimate","ZCTA5 90304!!Males!!Margin of Error","ZCTA5 90304!!Percent Males!!Estimate","ZCTA5 90304!!Percent Males!!Margin of Error","ZCTA5 90304!!Females!!Estimate","ZCTA5 90304!!Females!!Margin of Error","ZCTA5 90304!!Percent Females!!Estimate","ZCTA5 90304!!Percent Females!!Margin of Error","ZCTA5 90305!!Total!!Estimate","ZCTA5 90305!!Total!!Margin of Error","ZCTA5 90305!!Percent!!Estimate","ZCTA5 90305!!Percent!!Margin of Error","ZCTA5 90305!!Males!!Estimate","ZCTA5 90305!!Males!!Margin of Error","ZCTA5 90305!!Percent Males!!Estimate","ZCTA5 90305!!Percent Males!!Margin of Error","ZCTA5 90305!!Females!!Estimate","ZCTA5 90305!!Females!!Margin of Error","ZCTA5 90305!!Percent Females!!Estimate","ZCTA5 90305!!Percent Females!!Margin of Error"
"AGE BY EDUCATIONAL ATTAINMENT","","","","","","","","","","","","","","","","","","","","","","","","","","","","","","","","","","","","","","","","","","","","","","","","","","","","","","","","","","","","","","","","","","","","","","","","","","","","","","","","","","","","","","","","","","","","","","","",""
"Population 18 to 24 years","3,793","±439","(X)","(X)","2,244","±300","(X)","(X)","1,549","±267","(X)","(X)","7,697","±718","(X)","(X)","3,326","±389","(X)","(X)","4,371","±566","(X)","(X)","9,771","±597","(X)","(X)","4,987","±416","(X)","(X)","4,784","±506","(X)","(X)","3,980","±453","(X)","(X)","2,013","±369","(X)","(X)","1,967","±308","(X)","(X)","2,529","±362","(X)","(X)","1,394","±255","(X)","(X)","1,135","±240","(X)","(X)","3,089","±322","(X)","(X)","1,534","±247","(X)","(X)","1,555","±196","(X)","(X)","3,362","±401","(X)","(X)","1,705","±268","(X)","(X)","1,657","±254","(X)","(X)","1,445","±372","(X)","(X)","597","±321","(X)","(X)","848","±218","(X)","(X)"
"    Less than high school graduate","692","±192","18.2%","±4.6","394","±160","17.6%","±6.3","298","±114","19.2%","±7.4","355","±124","4.6%","±1.6","179","±83","5.4%","±2.5","176","±93","4.0%","±2.1","1,542","±301","15.8%","±3.0","900","±241","18.0%","±4.5","642","±173","13.4%","±3.3","621","±183","15.6%","±4.1","349","±155","17.3%","±7.1","272","±135","13.8%","±6.2","524","±200","20.7%","±7.3","330","±146","23.7%","±9.8","194","±112","17.1%","±9.2","504","±188","16.3%","±6.0","317","±124","20.7%","±8.1","187","±87","12.0%","±5.7","588","±157","17.5%","±4.0","384","±133","22.5%","±6.7","204","±86","12.3%","±4.7","223","±204","15.4%","±11.4","120","±203","20.1%","±26.3","103","±68","12.1%","±7.2"
"    High school graduate (includes equivalency)","1,008","±212","26.6%","±4.6","654","±153","29.1%","±5.8","354","±142","22.9%","±7.5","987","±242","12.8%","±3.0","476","±163","14.3%","±4.5","511","±153","11.7%","±3.4","2,867","±360","29.3%","±3.2","1,552","±259","31.1%","±4.7","1,315","±261","27.5%","±4.5","1,240","±272","31.2%","±6.3","608","±194","30.2%","±8.7","632","±184","32.1%","±8.2","640","±193","25.3%","±6.5","377","±147","27.0%","±8.7","263","±126","23.2%","±9.1","913","±188","29.6%","±5.0","484","±140","31.6%","±7.1","429","±111","27.6%","±6.3","1,203","±223","35.8%","±5.5","610","±148","35.8%","±8.1","593","±170","35.8%","±8.4","421","±178","29.1%","±10.0","176","±133","29.5%","±13.5","245","±102","28.9%","±11.9"
"    Some college or associate's degree","1,978","±303","52.1%","±5.3","1,175","±224","52.4%","±8.2","803","±207","51.8%","±9.5","5,281","±639","68.6%","±4.5","2,222","±315","66.8%","±6.3","3,059","±506","70.0%","±5.3","4,715","±500","48.3%","±3.6","2,337","±341","46.9%","±5.4","2,378","±360","49.7%","±5.6","1,895","±368","47.6%","±6.7","959","±297","47.6%","±10.4","936","±205","47.6%","±8.1","1,278","±252","50.5%","±7.4","635","±167","45.6%","±8.9","643","±163","56.7%","±10.9","1,536","±242","49.7%","±5.7","682","±184","44.5%","±8.6","854","±168","54.9%","±7.0","1,472","±250","43.8%","±5.0","670","±179","39.3%","±7.3","802","±172","48.4%","±8.0","704","±221","48.7%","±15.1","301","±143","50.4%","±32.7","403","±167","47.5%","±13.0"
"    Bachelor's degree or higher","115","±77","3.0%","±2.1","21","±31","0.9%","±1.3","94","±71","6.1%","±4.7","1,074","±277","14.0%","±3.4","449","±167","13.5%","±4.6","625","±206","14.3%","±4.5","647","±178","6.6%","±1.9","198","±115","4.0%","±2.3","449","±164","9.4%","±3.3","224","±93","5.6%","±2.4","97","±71","4.8%","±3.5","127","±63","6.5%","±3.1","87","±56","3.4%","±2.2","52","±37","3.7%","±2.6","35","±39","3.1%","±3.4","136","±54","4.4%","±1.8","51","±38","3.3%","±2.5","85","±43","5.5%","±2.7","99","±57","2.9%","±1.7","41","±36","2.4%","±2.1","58","±44","3.5%","±2.6","97","±61","6.7%","±4.3","0","±19","0.0%","±5.3","97","±61","11.4%","±6.6"
"Population 25 years and over","31,190","±1,130","(X)","(X)","13,831","±804","(X)","(X)","17,359","±665","(X)","(X)","27,188","±948","(X)","(X)","13,117","±640","(X)","(X)","14,071","±622","(X)","(X)","61,867","±1,126","(X)","(X)","29,130","±918","(X)","(X)","32,737","±848","(X)","(X)","23,505","±928","(X)","(X)","10,997","±726","(X)","(X)","12,508","±505","(X)","(X)","20,265","±709","(X)","(X)","8,821","±534","(X)","(X)","11,444","±503","(X)","(X)","15,310","±511","(X)","(X)","6,841","±362","(X)","(X)","8,469","±334","(X)","(X)","15,499","±672","(X)","(X)","7,623","±463","(X)","(X)","7,876","±418","(X)","(X)","11,283","±781","(X)","(X)","4,992","±683","(X)","(X)","6,291","±280","(X)","(X)"
"    Less than 9th grade","2,834","±323","9.1%","±1.0","1,269","±234","9.2%","±1.7","1,565","±222","9.0%","±1.2","464","±139","1.7%","±0.5","155","±71","1.2%","±0.5","309","±112","2.2%","±0.8","8,452","±787","13.7%","±1.3","3,866","±533","13.3%","±1.8","4,586","±450","14.0%","±1.4","4,033","±488","17.2%","±2.0","2,052","±350","18.7%","±3.2","1,981","±301","15.8%","±2.4","2,310","±349","11.4%","±1.7","1,166","±221","13.2%","±2.5","1,144","±217","10.0%","±1.9","3,095","±260","20.2%","±1.6","1,383","±178","20.2%","±2.6","1,712","±210","20.2%","±2.3","4,869","±488","31.4%","±2.8","2,467","±292","32.4%","±3.2","2,402","±308","30.5%","±3.6","617","±327","5.5%","±2.6","359","±312","7.2%","±5.5","258","±106","4.1%","±1.7"
"    9th to 12th grade, no diploma","3,263","±432","10.5%","±1.3","1,528","±281","11.0%","±1.9","1,735","±312","10.0%","±1.7","499","±143","1.8%","±0.5","282","±110","2.1%","±0.8","217","±86","1.5%","±0.6","6,959","±576","11.2%","±0.9","3,676","±403","12.6%","±1.3","3,283","±395","10.0%","±1.1","3,462","±469","14.7%","±2.0","1,885","±300","17.1%","±2.8","1,577","±265","12.6%","±2.1","2,029","±359","10.0%","±1.7","1,301","±265","14.7%","±2.9","728","±197","6.4%","±1.7","2,179","±338","14.2%","±2.0","1,071","±224","15.7%","±2.9","1,108","±196","13.1%","±2.3","3,178","±385","20.5%","±2.3","1,553","±275","20.4%","±3.2","1,625","±216","20.6%","±2.7","510","±250","4.5%","±2.0","307","±233","6.1%","±4.0","203","±77","3.2%","±1.2"
"    High school graduate (includes equivalency)","6,164","±624","19.8%","±1.8","2,914","±365","21.1%","±2.4","3,250","±399","18.7%","±2.1","3,464","±466","12.7%","±1.6","1,585","±283","12.1%","±2.0","1,879","±293","13.4%","±2.1","15,320","±934","24.8%","±1.4","7,426","±727","25.5%","±2.3","7,894","±557","24.1%","±1.6","5,090","±568","21.7%","±2.2","2,523","±425","22.9%","±3.3","2,567","±359","20.5%","±2.7","3,846","±519","19.0%","±2.5","1,684","±313","19.1%","±3.3","2,162","±358","18.9%","±3.0","3,712","±368","24.2%","±2.1","1,780","±251","26.0%","±3.4","1,932","±251","22.8%","±2.6","3,613","±390","23.3%","±2.3","1,818","±262","23.8%","±3.2","1,795","±249","22.8%","±2.8","1,980","±365","17.5%","±3.0","965","±260","19.3%","±4.4","1,015","±200","16.1%","±3.2"
"    Some college, no degree","9,417","±697","30.2%","±2.3","4,297","±463","31.1%","±3.2","5,120","±416","29.5%","±2.5","5,770","±549","21.2%","±2.1","2,665","±302","20.3%","±2.3","3,105","±450","22.1%","±3.0","14,446","±798","23.4%","±1.2","6,742","±563","23.1%","±1.8","7,704","±596","23.5%","±1.7","6,247","±557","26.6%","±2.1","2,785","±463","25.3%","±3.5","3,462","±414","27.7%","±3.0","5,526","±521","27.3%","±2.4","2,033","±308","23.0%","±3.3","3,493","±416","30.5%","±3.2","3,502","±340","22.9%","±2.2","1,375","±202","20.1%","±2.8","2,127","±268","25.1%","±3.2","2,377","±357","15.3%","±2.2","1,148","±218","15.1%","±2.6","1,229","±253","15.6%","±3.0","3,336","±364","29.6%","±3.2","1,438","±276","28.8%","±5.7","1,898","±206","30.2%","±3.0"
"    Associate's degree","2,537","±427","8.1%","±1.3","1,131","±305","8.2%","±2.1","1,406","±258","8.1%","±1.4","1,965","±309","7.2%","±1.1","1,046","±232","8.0%","±1.7","919","±198","6.5%","±1.4","4,359","±431","7.0%","±0.7","1,900","±280","6.5%","±1.0","2,459","±318","7.5%","±0.9","1,710","±284","7.3%","±1.2","663","±189","6.0%","±1.7","1,047","±212","8.4%","±1.7","1,465","±282","7.2%","±1.3","670","±206","7.6%","±2.3","795","±195","6.9%","±1.7","1,041","±155","6.8%","±1.1","512","±101","7.5%","±1.5","529","±112","6.2%","±1.4","421","±118","2.7%","±0.8","183","±92","2.4%","±1.2","238","±69","3.0%","±0.9","1,177","±222","10.4%","±2.2","443","±131","8.9%","±3.0","734","±189","11.7%","±2.9"
"    Bachelor's degree","3,889","±495","12.5%","±1.5","1,678","±292","12.1%","±1.9","2,211","±378","12.7%","±2.1","9,170","±763","33.7%","±2.3","4,538","±476","34.6%","±3.1","4,632","±453","32.9%","±2.7","8,932","±761","14.4%","±1.2","4,024","±414","13.8%","±1.4","4,908","±528","15.0%","±1.5","2,263","±290","9.6%","±1.2","875","±197","8.0%","±1.9","1,388","±242","11.1%","±1.9","3,325","±371","16.4%","±1.9","1,348","±248","15.3%","±2.7","1,977","±283","17.3%","±2.4","1,255","±197","8.2%","±1.3","579","±130","8.5%","±1.8","676","±140","8.0%","±1.6","836","±183","5.4%","±1.2","407","±123","5.3%","±1.6","429","±119","5.4%","±1.5","2,202","±285","19.5%","±2.6","944","±187","18.9%","±4.6","1,258","±208","20.0%","±3.3"
"    Graduate or professional degree","3,086","±498","9.9%","±1.5","1,014","±263","7.3%","±1.8","2,072","±346","11.9%","±1.9","5,856","±554","21.5%","±2.0","2,846","±332","21.7%","±2.4","3,010","±375","21.4%","±2.5","3,399","±396","5.5%","±0.6","1,496","±258","5.1%","±0.9","1,903","±305","5.8%","±0.9","700","±222","3.0%","±1.0","214","±110","1.9%","±1.0","486","±168","3.9%","±1.4","1,764","±381","8.7%","±1.8","619","±218","7.0%","±2.3","1,145","±253","10.0%","±2.2","526","±116","3.4%","±0.8","141","±52","2.1%","±0.8","385","±98","4.5%","±1.2","205","±79","1.3%","±0.5","47","±36","0.6%","±0.5","158","±78","2.0%","±1.0","1,461","±261","12.9%","±2.4","536","±185","10.7%","±4.0","925","±174","14.7%","±2.6"
"Percent high school graduate or higher","(X)","(X)","80.5%","±1.6","(X)","(X)","79.8%","±2.4","(X)","(X)","81.0%","±1.8","(X)","(X)","96.5%","±0.7","(X)","(X)","96.7%","±1.0","(X)","(X)","96.3%","±1.1","(X)","(X)","75.1%","±1.4","(X)","(X)","74.1%","±2.0","(X)","(X)","76.0%","±1.5","(X)","(X)","68.1%","±2.5","(X)","(X)","64.2%","±4.1","(X)","(X)","71.6%","±2.9","(X)","(X)","78.6%","±2.2","(X)","(X)","72.0%","±3.5","(X)","(X)","83.6%","±2.3","(X)","(X)","65.6%","±2.3","(X)","(X)","64.1%","±3.5","(X)","(X)","66.7%","±2.5","(X)","(X)","48.1%","±3.3","(X)","(X)","47.3%","±3.9","(X)","(X)","48.9%","±3.9","(X)","(X)","90.0%","±4.2","(X)","(X)","86.7%","±9.1","(X)","(X)","92.7%","±1.9"
"Percent bachelor's degree or higher","(X)","(X)","22.4%","±1.9","(X)","(X)","19.5%","±2.7","(X)","(X)","24.7%","±2.2","(X)","(X)","55.3%","±2.7","(X)","(X)","56.3%","±3.3","(X)","(X)","54.3%","±3.5","(X)","(X)","19.9%","±1.4","(X)","(X)","18.9%","±1.7","(X)","(X)","20.8%","±1.7","(X)","(X)","12.6%","±1.5","(X)","(X)","9.9%","±2.0","(X)","(X)","15.0%","±2.5","(X)","(X)","25.1%","±2.5","(X)","(X)","22.3%","±3.7","(X)","(X)","27.3%","±2.7","(X)","(X)","11.6%","±1.7","(X)","(X)","10.5%","±2.0","(X)","(X)","12.5%","±2.2","(X)","(X)","6.7%","±1.3","(X)","(X)","6.0%","±1.8","(X)","(X)","7.5%","±1.7","(X)","(X)","32.5%","±3.5","(X)","(X)","29.6%","±6.5","(X)","(X)","34.7%","±3.7"
"Population 25 to 34 years","6,189","±643","(X)","(X)","2,922","±430","(X)","(X)","3,267","±399","(X)","(X)","6,791","±839","(X)","(X)","3,566","±535","(X)","(X)","3,225","±487","(X)","(X)","17,099","±974","(X)","(X)","8,307","±678","(X)","(X)","8,792","±642","(X)","(X)","6,219","±678","(X)","(X)","3,111","±511","(X)","(X)","3,108","±364","(X)","(X)","5,631","±592","(X)","(X)","2,361","±382","(X)","(X)","3,270","±394","(X)","(X)","3,873","±359","(X)","(X)","1,885","±237","(X)","(X)","1,988","±230","(X)","(X)","4,696","±428","(X)","(X)","2,201","±284","(X)","(X)","2,495","±307","(X)","(X)","1,768","±327","(X)","(X)","935","±227","(X)","(X)","833","±209","(X)","(X)"
"    High school graduate or higher","5,365","±559","86.7%","±3.5","2,505","±378","85.7%","±5.6","2,860","±367","87.5%","±4.1","6,662","±817","98.1%","±1.4","3,494","±520","98.0%","±2.3","3,168","±483","98.2%","±1.4","14,354","±826","83.9%","±1.9","6,542","±581","78.8%","±3.1","7,812","±562","88.9%","±2.1","4,714","±537","75.8%","±5.3","2,114","±399","68.0%","±7.8","2,600","±343","83.7%","±4.7","4,806","±535","85.3%","±3.7","1,857","±320","78.7%","±5.5","2,949","±375","90.2%","±4.7","2,886","±303","74.5%","±5.1","1,283","±202","68.1%","±7.7","1,603","±198","80.6%","±4.3","3,279","±387","69.8%","±5.5","1,510","±270","68.6%","±7.5","1,769","±259","70.9%","±5.9","1,555","±301","88.0%","±5.6","777","±205","83.1%","±8.6","778","±207","93.4%","±5.6"
"    Bachelor's degree or higher","1,383","±292","22.3%","±4.0","469","±140","16.1%","±4.6","914","±228","28.0%","±5.9","4,237","±657","62.4%","±5.3","2,126","±428","59.6%","±6.9","2,111","±380","65.5%","±6.9","4,120","±547","24.1%","±2.6","1,670","±316","20.1%","±3.3","2,450","±392","27.9%","±3.7","903","±239","14.5%","±3.4","279","±141","9.0%","±4.4","624","±191","20.1%","±5.3","1,392","±229","24.7%","±4.0","467","±150","19.8%","±6.1","925","±179","28.3%","±4.9","569","±168","14.7%","±4.2","246","±108","13.1%","±5.6","323","±101","16.2%","±5.1","343","±117","7.3%","±2.4","102","±77","4.6%","±3.3","241","±87","9.7%","±3.4","566","±187","32.0%","±8.5","281","±123","30.1%","±11.7","285","±118","34.2%","±11.7"
"Population 35 to 44 years","6,170","±674","(X)","(X)","3,167","±487","(X)","(X)","3,003","±366","(X)","(X)","4,970","±420","(X)","(X)","2,613","±306","(X)","(X)","2,357","±261","(X)","(X)","13,972","±680","(X)","(X)","6,815","±600","(X)","(X)","7,157","±383","(X)","(X)","4,730","±515","(X)","(X)","2,185","±328","(X)","(X)","2,545","±304","(X)","(X)","4,865","±484","(X)","(X)","2,302","±283","(X)","(X)","2,563","±346","(X)","(X)","2,986","±319","(X)","(X)","1,270","±214","(X)","(X)","1,716","±203","(X)","(X)","3,310","±391","(X)","(X)","1,658","±271","(X)","(X)","1,652","±232","(X)","(X)","2,286","±321","(X)","(X)","908","±212","(X)","(X)","1,378","±223","(X)","(X)"
"    High school graduate or higher","4,949","±637","80.2%","±4.3","2,516","±492","79.4%","±6.6","2,433","±314","81.0%","±5.1","4,732","±431","95.2%","±2.3","2,471","±314","94.6%","±2.4","2,261","±254","95.9%","±2.9","10,362","±612","74.2%","±2.8","5,083","±505","74.6%","±4.1","5,279","±372","73.8%","±3.5","3,432","±453","72.6%","±5.1","1,519","±272","69.5%","±6.3","1,913","±279","75.2%","±5.9","3,780","±454","77.7%","±4.4","1,623","±265","70.5%","±6.6","2,157","±318","84.2%","±4.0","1,983","±290","66.4%","±6.0","837","±170","65.9%","±8.4","1,146","±197","66.8%","±7.2","1,512","±282","45.7%","±6.4","775","±179","46.7%","±7.4","737","±170","44.6%","±8.5","2,144","±314","93.8%","±3.5","886","±209","97.6%","±3.8","1,258","±202","91.3%","±6.9"
"    Bachelor's degree or higher","1,729","±349","28.0%","±5.2","736","±218","23.2%","±6.5","993","±192","33.1%","±5.8","2,987","±347","60.1%","±5.6","1,465","±233","56.1%","±6.9","1,522","±213","64.6%","±6.3","2,838","±317","20.3%","±2.3","1,305","±213","19.1%","±2.8","1,533","±217","21.4%","±3.1","602","±168","12.7%","±3.2","222","±104","10.2%","±4.4","380","±145","14.9%","±5.5","1,454","±275","29.9%","±5.0","546","±173","23.7%","±6.4","908","±220","35.4%","±7.1","299","±91","10.0%","±2.8","108","±44","8.5%","±3.4","191","±67","11.1%","±3.6","265","±115","8.0%","±3.3","117","±64","7.1%","±3.6","148","±85","9.0%","±4.9","974","±197","42.6%","±6.9","362","±126","39.9%","±13.9","612","±125","44.4%","±7.9"
"Population 45 to 64 years","12,049","±683","(X)","(X)","5,316","±461","(X)","(X)","6,733","±482","(X)","(X)","10,343","±566","(X)","(X)","4,764","±386","(X)","(X)","5,579","±386","(X)","(X)","21,848","±745","(X)","(X)","10,175","±492","(X)","(X)","11,673","±475","(X)","(X)","8,552","±585","(X)","(X)","4,015","±442","(X)","(X)","4,537","±364","(X)","(X)","7,111","±508","(X)","(X)","3,069","±324","(X)","(X)","4,042","±337","(X)","(X)","5,883","±369","(X)","(X)","2,665","±247","(X)","(X)","3,218","±245","(X)","(X)","5,911","±395","(X)","(X)","3,052","±274","(X)","(X)","2,859","±236","(X)","(X)","4,708","±634","(X)","(X)","2,193","±513","(X)","(X)","2,515","±226","(X)","(X)"
"    High school graduate or higher","9,481","±612","78.7%","±2.9","4,044","±451","76.1%","±4.2","5,437","±424","80.8%","±3.5","10,009","±538","96.8%","±1.0","4,600","±374","96.6%","±1.5","5,409","±373","97.0%","±1.0","15,570","±801","71.3%","±2.5","7,279","±518","71.5%","±3.6","8,291","±466","71.0%","±2.6","5,609","±591","65.6%","±4.2","2,559","±479","63.7%","±6.9","3,050","±355","67.2%","±4.7","5,417","±455","76.2%","±3.6","2,193","±306","71.5%","±6.6","3,224","±302","79.8%","±3.6","3,529","±270","60.0%","±3.6","1,565","±185","58.7%","±5.2","1,964","±199","61.0%","±4.2","2,234","±312","37.8%","±4.7","1,147","±199","37.6%","±6.1","1,087","±199","38.0%","±6.0","4,260","±323","90.5%","±8.0","1,855","±203","84.6%","±15.9","2,405","±221","95.6%","±2.5"
"    Bachelor's degree or higher","2,726","±338","22.6%","±2.4","1,043","±228","19.6%","±3.8","1,683","±247","25.0%","±3.2","5,792","±471","56.0%","±3.7","2,547","±267","53.5%","±4.9","3,245","±347","58.2%","±4.7","3,926","±390","18.0%","±1.9","1,854","±253","18.2%","±2.6","2,072","±277","17.8%","±2.4","1,084","±231","12.7%","±2.7","431","±146","10.7%","±3.7","653","±179","14.4%","±3.7","1,769","±341","24.9%","±4.3","724","±199","23.6%","±6.1","1,045","±220","25.9%","±4.9","580","±135","9.9%","±2.1","239","±82","9.0%","±2.8","341","±106","10.6%","±3.1","335","±106","5.7%","±1.9","172","±74","5.6%","±2.5","163","±65","5.7%","±2.3","1,388","±208","29.5%","±4.3","556","±138","25.4%","±8.3","832","±154","33.1%","±5.7"
"Population 65 years and over","6,782","±498","(X)","(X)","2,426","±332","(X)","(X)","4,356","±323","(X)","(X)","5,084","±270","(X)","(X)","2,174","±173","(X)","(X)","2,910","±242","(X)","(X)","8,948","±496","(X)","(X)","3,833","±334","(X)","(X)","5,115","±365","(X)","(X)","4,004","±333","(X)","(X)","1,686","±250","(X)","(X)","2,318","±246","(X)","(X)","2,658","±297","(X)","(X)","1,089","±227","(X)","(X)","1,569","±225","(X)","(X)","2,568","±223","(X)","(X)","1,021","±148","(X)","(X)","1,547","±171","(X)","(X)","1,582","±215","(X)","(X)","712","±134","(X)","(X)","870","±166","(X)","(X)","2,521","±212","(X)","(X)","956","±174","(X)","(X)","1,565","±147","(X)","(X)"
"    High school graduate or higher","5,298","±387","78.1%","±2.8","1,969","±292","81.2%","±4.3","3,329","±272","76.4%","±3.5","4,822","±266","94.8%","±2.0","2,115","±171","97.3%","±2.0","2,707","±235","93.0%","±3.0","6,170","±484","69.0%","±3.7","2,684","±292","70.0%","±4.8","3,486","±352","68.2%","±4.2","2,255","±290","56.3%","±5.1","868","±190","51.5%","±8.2","1,387","±194","59.8%","±6.4","1,923","±245","72.3%","±5.6","681","±165","62.5%","±8.3","1,242","±216","79.2%","±6.3","1,638","±193","63.8%","±5.6","702","±121","68.8%","±7.1","936","±139","60.5%","±6.9","427","±118","27.0%","±7.3","171","±66","24.0%","±9.0","256","±83","29.4%","±9.3","2,197","±188","87.1%","±5.5","808","±124","84.5%","±11.1","1,389","±140","88.8%","±4.5"
"    Bachelor's degree or higher","1,137","±245","16.8%","±3.3","444","±190","18.3%","±6.6","693","±157","15.9%","±3.4","2,010","±258","39.5%","±4.6","1,246","±168","57.3%","±6.4","764","±172","26.3%","±5.4","1,447","±289","16.2%","±3.0","691","±152","18.0%","±3.9","756","±218","14.8%","±3.9","374","±110","9.3%","±2.9","157","±69","9.3%","±4.1","217","±84","9.4%","±3.8","474","±146","17.8%","±5.3","230","±108","21.1%","±8.8","244","±94","15.6%","±5.7","333","±95","13.0%","±3.6","127","±58","12.4%","±5.6","206","±71","13.3%","±4.1","98","±54","6.2%","±3.5","63","±40","8.8%","±5.7","35","±33","4.0%","±3.8","735","±157","29.2%","±5.9","281","±98","29.4%","±10.1","454","±106","29.0%","±6.3"
"RACE AND HISPANIC OR LATINO ORIGIN BY EDUCATIONAL ATTAINMENT","","","","","","","","","","","","","","","","","","","","","","","","","","","","","","","","","","","","","","","","","","","","","","","","","","","","","","","","","","","","","","","","","","","","","","","","","","","","","","","","","","","","","","","","","","","","","","","",""
"    White alone","5,483","±653","(X)","(X)","2,589","±360","(X)","(X)","2,894","±379","(X)","(X)","16,560","±721","(X)","(X)","8,006","±479","(X)","(X)","8,554","±451","(X)","(X)","24,085","±1,272","(X)","(X)","12,091","±720","(X)","(X)","11,994","±770","(X)","(X)","6,918","±697","(X)","(X)","3,440","±406","(X)","(X)","3,478","±381","(X)","(X)","6,136","±667","(X)","(X)","2,998","±371","(X)","(X)","3,138","±393","(X)","(X)","3,875","±530","(X)","(X)","1,759","±241","(X)","(X)","2,116","±329","(X)","(X)","6,508","±622","(X)","(X)","3,205","±347","(X)","(X)","3,303","±330","(X)","(X)","1,313","±674","(X)","(X)","696","±583","(X)","(X)","617","±189","(X)","(X)"
"        High school graduate or higher","3,433","±448","62.6%","±4.7","1,626","±270","62.8%","±6.6","1,807","±273","62.4%","±5.4","16,045","±690","96.9%","±1.0","7,771","±470","97.1%","±1.2","8,274","±432","96.7%","±1.4","17,152","±1,030","71.2%","±2.5","8,566","±600","70.8%","±3.7","8,586","±649","71.6%","±2.7","3,782","±489","54.7%","±5.4","1,823","±315","53.0%","±7.9","1,959","±279","56.3%","±5.8","4,058","±431","66.1%","±4.3","1,772","±247","59.1%","±5.6","2,286","±287","72.8%","±4.9","1,993","±329","51.4%","±4.6","866","±168","49.2%","±7.4","1,127","±226","53.3%","±6.3","3,076","±414","47.3%","±4.3","1,434","±232","44.7%","±5.6","1,642","±250","49.7%","±5.1","839","±250","63.9%","±22.4","384","±146","55.2%","±42.4","455","±140","73.7%","±12.2"
"        Bachelor's degree or higher","967","±213","17.6%","±3.9","359","±114","13.9%","±4.4","608","±155","21.0%","±4.8","9,516","±678","57.5%","±3.1","4,725","±423","59.0%","±4.0","4,791","±435","56.0%","±4.0","4,879","±475","20.3%","±2.1","2,403","±268","19.9%","±2.3","2,476","±373","20.6%","±3.0","612","±172","8.8%","±2.6","259","±103","7.5%","±3.1","353","±120","10.1%","±3.4","1,293","±269","21.1%","±4.1","562","±151","18.7%","±4.9","731","±179","23.3%","±5.2","257","±107","6.6%","±2.4","59","±37","3.4%","±2.1","198","±106","9.4%","±4.3","398","±119","6.1%","±1.9","210","±91","6.6%","±2.8","188","±61","5.7%","±1.9","277","±146","21.1%","±9.1","111","±59","15.9%","±17.5","166","±120","26.9%","±19.0"
"White alone, not Hispanic or Latino","1,306","±293","(X)","(X)","647","±184","(X)","(X)","659","±179","(X)","(X)","13,982","±672","(X)","(X)","6,889","±452","(X)","(X)","7,093","±418","(X)","(X)","8,230","±571","(X)","(X)","4,348","±360","(X)","(X)","3,882","±326","(X)","(X)","1,132","±258","(X)","(X)","533","±181","(X)","(X)","599","±153","(X)","(X)","1,509","±202","(X)","(X)","833","±169","(X)","(X)","676","±136","(X)","(X)","467","±210","(X)","(X)","186","±90","(X)","(X)","281","±142","(X)","(X)","644","±202","(X)","(X)","348","±125","(X)","(X)","296","±104","(X)","(X)","424","±224","(X)","(X)","208","±126","(X)","(X)","216","±120","(X)","(X)"
"    High school graduate or higher","1,188","±280","91.0%","±4.6","597","±174","92.3%","±6.1","591","±174","89.7%","±6.8","13,764","±676","98.4%","±0.6","6,791","±449","98.6%","±0.8","6,973","±416","98.3%","±0.8","7,563","±555","91.9%","±2.1","3,994","±345","91.9%","±2.7","3,569","±319","91.9%","±3.0","1,002","±257","88.5%","±7.4","482","±185","90.4%","±8.7","520","±148","86.8%","±9.6","1,430","±190","94.8%","±3.1","788","±163","94.6%","±3.6","642","±123","95.0%","±5.0","364","±149","77.9%","±9.9","177","±87","95.2%","±5.7","187","±82","66.5%","±15.4","557","±200","86.5%","±8.9","321","±121","92.2%","±7.8","236","±105","79.7%","±18.2","393","±223","92.7%","±6.9","197","±126","94.7%","±7.6","196","±118","90.7%","±8.6"
"    Bachelor's degree or higher","599","±211","45.9%","±11.1","252","±101","38.9%","±13.0","347","±141","52.7%","±12.5","8,479","±667","60.6%","±3.3","4,282","±422","62.2%","±4.8","4,197","±405","59.2%","±4.0","2,917","±290","35.4%","±3.4","1,425","±204","32.8%","±4.5","1,492","±222","38.4%","±5.0","243","±99","21.5%","±7.5","143","±69","26.8%","±9.8","100","±60","16.7%","±9.1","594","±142","39.4%","±7.6","347","±110","41.7%","±10.3","247","±79","36.5%","±9.9","54","±37","11.6%","±6.1","7","±10","3.8%","±5.9","47","±36","16.7%","±9.5","193","±105","30.0%","±12.1","153","±85","44.0%","±15.7","40","±33","13.5%","±10.6","211","±139","49.8%","±14.4","78","±52","37.5%","±25.4","133","±121","61.6%","±31.4"
"Black alone","20,221","±1,032","(X)","(X)","8,832","±758","(X)","(X)","11,389","±583","(X)","(X)","3,892","±564","(X)","(X)","2,003","±413","(X)","(X)","1,889","±314","(X)","(X)","13,906","±921","(X)","(X)","5,994","±502","(X)","(X)","7,912","±721","(X)","(X)","7,956","±650","(X)","(X)","3,371","±477","(X)","(X)","4,585","±395","(X)","(X)","10,181","±662","(X)","(X)","4,077","±518","(X)","(X)","6,104","±453","(X)","(X)","6,242","±356","(X)","(X)","2,521","±262","(X)","(X)","3,721","±249","(X)","(X)","723","±290","(X)","(X)","321","±133","(X)","(X)","402","±202","(X)","(X)","8,800","±407","(X)","(X)","3,728","±327","(X)","(X)","5,072","±272","(X)","(X)"
"    High school graduate or higher","18,073","±1,013","89.4%","±1.6","7,927","±734","89.8%","±2.1","10,146","±546","89.1%","±1.9","3,762","±564","96.7%","±2.1","1,954","±417","97.6%","±2.7","1,808","±306","95.7%","±2.4","12,863","±856","92.5%","±1.5","5,539","±479","92.4%","±2.4","7,324","±696","92.6%","±1.8","7,366","±628","92.6%","±2.1","3,150","±458","93.4%","±3.3","4,216","±393","92.0%","±2.9","9,360","±675","91.9%","±2.6","3,537","±508","86.8%","±5.9","5,823","±451","95.4%","±2.1","5,564","±352","89.1%","±2.2","2,268","±253","90.0%","±3.2","3,296","±258","88.6%","±2.8","543","±234","75.1%","±11.8","213","±100","66.4%","±18.9","330","±173","82.1%","±16.0","8,414","±403","95.6%","±1.5","3,495","±322","93.8%","±2.7","4,919","±277","97.0%","±1.4"
"    Bachelor's degree or higher","5,137","±671","25.4%","±2.6","2,064","±397","23.4%","±3.6","3,073","±418","27.0%","±2.9","1,500","±316","38.5%","±7.6","766","±277","38.2%","±10.7","734","±185","38.9%","±9.6","2,791","±393","20.1%","±2.7","940","±199","15.7%","±3.4","1,851","±306","23.4%","±3.2","1,487","±281","18.7%","±3.2","523","±164","15.5%","±5.2","964","±247","21.0%","±5.1","3,042","±496","29.9%","±4.0","1,148","±355","28.2%","±7.2","1,894","±290","31.0%","±4.1","1,051","±189","16.8%","±2.9","407","±100","16.1%","±3.5","644","±142","17.3%","±3.6","48","±41","6.6%","±5.8","16","±26","5.0%","±8.3","32","±31","8.0%","±8.0","3,112","±358","35.4%","±4.0","1,236","±230","33.2%","±6.3","1,876","±232","37.0%","±3.9"
"American Indian or Alaska Native alone","169","±146","(X)","(X)","115","±113","(X)","(X)","54","±57","(X)","(X)","73","±70","(X)","(X)","10","±16","(X)","(X)","63","±69","(X)","(X)","318","±130","(X)","(X)","141","±70","(X)","(X)","177","±99","(X)","(X)","277","±176","(X)","(X)","156","±132","(X)","(X)","121","±79","(X)","(X)","101","±85","(X)","(X)","33","±31","(X)","(X)","68","±60","(X)","(X)","65","±40","(X)","(X)","29","±20","(X)","(X)","36","±31","(X)","(X)","104","±87","(X)","(X)","57","±46","(X)","(X)","47","±42","(X)","(X)","10","±15","(X)","(X)","0","±19","(X)","(X)","10","±15","(X)","(X)"
"    High school graduate or higher","49","±45","29.0%","±21.2","18","±22","15.7%","±23.2","31","±37","57.4%","±30.6","73","±70","100.0%","±34.1","10","±16","100.0%","±93.8","63","±69","100.0%","±37.3","234","±94","73.6%","±15.6","112","±62","79.4%","±18.4","122","±63","68.9%","±18.3","182","±120","65.7%","±14.5","117","±98","75.0%","±17.1","65","±56","53.7%","±24.6","54","±40","53.5%","±28.8","9","±11","27.3%","±39.1","45","±41","66.2%","±27.6","36","±25","55.4%","±27.9","21","±19","72.4%","±34.8","15","±13","41.7%","±36.1","71","±67","68.3%","±27.0","31","±33","54.4%","±41.5","40","±39","85.1%","±24.1","0","±19","0.0%","±93.8","0","±19","-","**","0","±19","0.0%","±93.8"
"    Bachelor's degree or higher","0","±25","0.0%","±17.4","0","±25","0.0%","±24.3","0","±25","0.0%","±40.4","10","±16","13.7%","±25.6","10","±16","100.0%","±93.8","0","±25","0.0%","±37.3","31","±35","9.7%","±10.3","31","±35","22.0%","±21.8","0","±28","0.0%","±16.7","51","±51","18.4%","±17.3","0","±25","0.0%","±18.7","51","±51","42.1%","±27.1","19","±22","18.8%","±27.7","7","±11","21.2%","±35.4","12","±19","17.6%","±30.3","5","±7","7.7%","±10.9","0","±22","0.0%","±55.1","5","±7","13.9%","±21.2","25","±29","24.0%","±22.5","7","±11","12.3%","±20.3","18","±26","38.3%","±46.3","0","±19","0.0%","±93.8","0","±19","-","**","0","±19","0.0%","±93.8"
"Asian alone","479","±189","(X)","(X)","182","±90","(X)","(X)","297","±148","(X)","(X)","3,915","±571","(X)","(X)","1,694","±335","(X)","(X)","2,221","±350","(X)","(X)","5,123","±519","(X)","(X)","2,331","±314","(X)","(X)","2,792","±292","(X)","(X)","399","±173","(X)","(X)","193","±88","(X)","(X)","206","±98","(X)","(X)","291","±109","(X)","(X)","80","±39","(X)","(X)","211","±85","(X)","(X)","194","±120","(X)","(X)","79","±53","(X)","(X)","115","±77","(X)","(X)","391","±186","(X)","(X)","118","±60","(X)","(X)","273","±147","(X)","(X)","162","±85","(X)","(X)","107","±71","(X)","(X)","55","±39","(X)","(X)"
"    High school graduate or higher","384","±175","80.2%","±16.1","119","±59","65.4%","±32.7","265","±146","89.2%","±11.3","3,874","±566","99.0%","±0.7","1,680","±335","99.2%","±1.3","2,194","±347","98.8%","±0.9","4,399","±480","85.9%","±3.5","2,095","±305","89.9%","±3.7","2,304","±263","82.5%","±4.3","384","±168","96.2%","±4.0","186","±87","96.4%","±5.2","198","±95","96.1%","±5.8","273","±108","93.8%","±8.5","72","±38","90.0%","±14.9","201","±85","95.3%","±6.6","191","±120","98.5%","±3.3","76","±53","96.2%","±8.0","115","±77","100.0%","±24.3","351","±203","89.8%","±19.0","106","±61","89.8%","±18.4","245","±162","89.7%","±19.6","151","±85","93.2%","±8.8","107","±71","100.0%","±25.7","44","±36","80.0%","±25.1"
"    Bachelor's degree or higher","202","±104","42.2%","±17.7","77","±47","42.3%","±27.0","125","±74","42.1%","±19.2","2,832","±544","72.3%","±7.5","1,336","±314","78.9%","±8.5","1,496","±326","67.4%","±9.0","2,307","±415","45.0%","±5.8","1,237","±228","53.1%","±5.7","1,070","±262","38.3%","±7.6","162","±79","40.6%","±15.0","60","±39","31.1%","±18.0","102","±65","49.5%","±20.1","164","±85","56.4%","±16.1","48","±34","60.0%","±26.2","116","±61","55.0%","±16.1","95","±79","49.0%","±31.1","38","±30","48.1%","±31.9","57","±59","49.6%","±35.8","184","±103","47.1%","±17.1","65","±47","55.1%","±30.1","119","±77","43.6%","±15.2","67","±56","41.4%","±27.8","60","±49","56.1%","±39.9","7","±14","12.7%","±24.3"
"Native Hawaiian and Other Pacific Islander alone","56","±56","(X)","(X)","11","±17","(X)","(X)","45","±50","(X)","(X)","59","±52","(X)","(X)","33","±29","(X)","(X)","26","±31","(X)","(X)","596","±381","(X)","(X)","272","±159","(X)","(X)","324","±231","(X)","(X)","0","±25","(X)","(X)","0","±25","(X)","(X)","0","±25","(X)","(X)","83","±55","(X)","(X)","43","±39","(X)","(X)","40","±39","(X)","(X)","24","±34","(X)","(X)","0","±22","(X)","(X)","24","±34","(X)","(X)","0","±22","(X)","(X)","0","±22","(X)","(X)","0","±22","(X)","(X)","79","±95","(X)","(X)","52","±58","(X)","(X)","27","±40","(X)","(X)"
"    High school graduate or higher","53","±56","94.6%","±12.3","11","±17","100.0%","±89.4","42","±50","93.3%","±15.0","41","±39","69.5%","±38.1","33","±29","100.0%","±51.6","8","±15","30.8%","±58.2","469","±303","78.7%","±11.6","197","±113","72.4%","±12.2","272","±204","84.0%","±19.2","0","±25","-","**","0","±25","-","**","0","±25","-","**","69","±48","83.1%","±24.0","29","±44","67.4%","±66.4","40","±39","100.0%","±46.9","16","±21","66.7%","±14.5","0","±22","-","**","16","±21","66.7%","±14.5","0","±22","-","**","0","±22","-","**","0","±22","-","**","79","±95","100.0%","±32.4","52","±58","100.0%","±41.1","27","±40","100.0%","±57.1"
"    Bachelor's degree or higher","0","±25","0.0%","±39.6","0","±25","0.0%","±89.4","0","±25","0.0%","±44.2","11","±13","18.6%","±28.0","11","±13","33.3%","±39.2","0","±25","0.0%","±58.2","71","±59","11.9%","±6.9","15","±20","5.5%","±9.6","56","±59","17.3%","±11.9","0","±25","-","**","0","±25","-","**","0","±25","-","**","15","±24","18.1%","±27.9","0","±25","0.0%","±45.2","15","±24","37.5%","±49.6","14","±21","58.3%","±19.8","0","±22","-","**","14","±21","58.3%","±19.8","0","±22","-","**","0","±22","-","**","0","±22","-","**","0","±19","0.0%","±32.4","0","±19","0.0%","±41.1","0","±19","0.0%","±57.1"
"Some other race alone","3,975","±588","(X)","(X)","1,844","±328","(X)","(X)","2,131","±349","(X)","(X)","1,213","±325","(X)","(X)","575","±185","(X)","(X)","638","±186","(X)","(X)","12,866","±1,019","(X)","(X)","6,209","±608","(X)","(X)","6,657","±578","(X)","(X)","7,001","±684","(X)","(X)","3,462","±426","(X)","(X)","3,539","±389","(X)","(X)","2,790","±515","(X)","(X)","1,327","±302","(X)","(X)","1,463","±268","(X)","(X)","4,498","±539","(X)","(X)","2,323","±323","(X)","(X)","2,175","±296","(X)","(X)","7,512","±848","(X)","(X)","3,794","±520","(X)","(X)","3,718","±408","(X)","(X)","688","±266","(X)","(X)","309","±141","(X)","(X)","379","±158","(X)","(X)"
"    High school graduate or higher","2,346","±431","59.0%","±6.4","1,102","±238","59.8%","±8.3","1,244","±293","58.4%","±8.3","965","±262","79.6%","±9.6","436","±151","75.8%","±14.6","529","±173","82.9%","±10.0","7,459","±897","58.0%","±4.1","3,543","±559","57.1%","±5.4","3,916","±501","58.8%","±4.4","3,489","±459","49.8%","±4.9","1,483","±273","42.8%","±6.3","2,006","±349","56.7%","±6.5","1,590","±333","57.0%","±7.6","783","±192","59.0%","±8.5","807","±216","55.2%","±10.0","1,915","±321","42.6%","±4.8","1,063","±230","45.8%","±6.9","852","±158","39.2%","±4.9","3,316","±480","44.1%","±4.6","1,757","±307","46.3%","±5.9","1,559","±276","41.9%","±5.6","442","±206","64.2%","±14.7","188","±100","60.8%","±16.2","254","±138","67.0%","±17.0"
"    Bachelor's degree or higher","342","±158","8.6%","±3.6","113","±75","6.1%","±3.9","229","±140","10.7%","±5.9","431","±225","35.5%","±14.2","163","±129","28.3%","±18.5","268","±129","42.0%","±14.1","1,202","±270","9.3%","±2.0","519","±177","8.4%","±2.9","683","±189","10.3%","±2.6","497","±142","7.1%","±1.8","204","±98","5.9%","±2.7","293","±119","8.3%","±3.0","411","±149","14.7%","±4.9","144","±80","10.9%","±5.9","267","±117","18.3%","±7.0","260","±107","5.8%","±2.4","191","±93","8.2%","±4.0","69","±44","3.2%","±2.0","386","±129","5.1%","±1.6","156","±83","4.1%","±2.1","230","±94","6.2%","±2.3","116","±66","16.9%","±7.6","50","±39","16.2%","±10.5","66","±54","17.4%","±11.4"
"Two or more races","807","±216","(X)","(X)","258","±104","(X)","(X)","549","±165","(X)","(X)","1,476","±310","(X)","(X)","796","±172","(X)","(X)","680","±211","(X)","(X)","4,973","±799","(X)","(X)","2,092","±400","(X)","(X)","2,881","±508","(X)","(X)","954","±301","(X)","(X)","375","±197","(X)","(X)","579","±200","(X)","(X)","683","±229","(X)","(X)","263","±152","(X)","(X)","420","±141","(X)","(X)","412","±153","(X)","(X)","130","±81","(X)","(X)","282","±98","(X)","(X)","261","±153","(X)","(X)","128","±78","(X)","(X)","133","±90","(X)","(X)","231","±135","(X)","(X)","100","±68","(X)","(X)","131","±96","(X)","(X)"
"    High school graduate or higher","755","±212","93.6%","±5.6","231","±101","89.5%","±12.4","524","±166","95.4%","±4.9","1,465","±310","99.3%","±1.2","796","±172","100.0%","±4.0","669","±209","98.4%","±2.6","3,880","±667","78.0%","±5.2","1,536","±337","73.4%","±7.8","2,344","±426","81.4%","±5.1","807","±274","84.6%","±8.9","301","±198","80.3%","±18.5","506","±189","87.4%","±10.4","522","±176","76.4%","±10.7","152","±79","57.8%","±16.8","370","±141","88.1%","±10.7","321","±118","77.9%","±12.9","93","±62","71.5%","±19.3","228","±86","80.9%","±14.8","95","±65","36.4%","±24.0","62","±56","48.4%","±30.0","33","±27","24.8%","±22.7","231","±135","100.0%","±13.1","100","±68","100.0%","±27.2","131","±96","100.0%","±21.7"
"    Bachelor's degree or higher","327","±113","40.5%","±9.5","79","±52","30.6%","±16.2","248","±93","45.2%","±9.4","726","±208","49.2%","±12.5","373","±137","46.9%","±15.6","353","±124","51.9%","±17.3","1,050","±295","21.1%","±4.4","375","±198","17.9%","±8.1","675","±175","23.4%","±5.0","154","±78","16.1%","±8.1","43","±38","11.5%","±10.4","111","±68","19.2%","±11.2","145","±79","21.2%","±11.6","58","±53","22.1%","±22.8","87","±54","20.7%","±11.1","99","±60","24.0%","±12.7","25","±27","19.2%","±18.0","74","±46","26.2%","±14.4","0","±22","0.0%","±11.7","0","±22","0.0%","±22.2","0","±22","0.0%","±21.5","91","±50","39.4%","±17.1","23","±25","23.0%","±27.7","68","±45","51.9%","±23.2"
"Hispanic or Latino Origin","8,691","±766","(X)","(X)","4,083","±437","(X)","(X)","4,608","±452","(X)","(X)","4,065","±418","(X)","(X)","1,819","±275","(X)","(X)","2,246","±262","(X)","(X)","31,651","±1,159","(X)","(X)","15,272","±786","(X)","(X)","16,379","±760","(X)","(X)","13,547","±791","(X)","(X)","6,791","±502","(X)","(X)","6,756","±431","(X)","(X)","7,793","±584","(X)","(X)","3,658","±343","(X)","(X)","4,135","±349","(X)","(X)","8,142","±512","(X)","(X)","4,003","±319","(X)","(X)","4,139","±299","(X)","(X)","13,847","±726","(X)","(X)","6,894","±480","(X)","(X)","6,953","±387","(X)","(X)","1,537","±517","(X)","(X)","835","±489","(X)","(X)","702","±175","(X)","(X)"
"    High school graduate or higher","4,930","±565","56.7%","±3.8","2,234","±339","54.7%","±6.0","2,696","±367","58.5%","±4.7","3,509","±336","86.3%","±4.0","1,543","±223","84.8%","±5.9","1,966","±240","87.5%","±4.3","18,955","±1,046","59.9%","±2.4","8,957","±698","58.6%","±3.4","9,998","±698","61.0%","±2.7","6,874","±641","50.7%","±3.6","3,198","±394","47.1%","±4.8","3,676","±437","54.4%","±4.8","4,437","±440","56.9%","±3.9","1,819","±255","49.7%","±5.1","2,618","±307","63.3%","±4.6","3,702","±382","45.5%","±3.6","1,830","±267","45.7%","±5.3","1,872","±231","45.2%","±4.3","6,071","±516","43.8%","±3.0","2,988","±331","43.3%","±3.9","3,083","±322","44.3%","±3.8","839","±251","54.6%","±21.6","404","±145","48.4%","±35.7","435","±134","62.0%","±9.3"
"    Bachelor's degree or higher","813","±194","9.4%","±2.1","248","±104","6.1%","±2.5","565","±171","12.3%","±3.3","1,662","±303","40.9%","±6.4","682","±172","37.5%","±7.9","980","±204","43.6%","±8.1","3,573","±522","11.3%","±1.6","1,737","±318","11.4%","±2.0","1,836","±376","11.2%","±2.1","987","±205","7.3%","±1.4","366","±129","5.4%","±1.9","621","±162","9.2%","±2.2","1,120","±238","14.4%","±2.9","370","±115","10.1%","±3.0","750","±172","18.1%","±3.9","517","±177","6.3%","±2.1","262","±104","6.5%","±2.6","255","±119","6.2%","±2.8","609","±149","4.4%","±1.0","213","±91","3.1%","±1.3","396","±116","5.7%","±1.6","130","±67","8.5%","±5.1","62","±57","7.4%","±8.2","68","±39","9.7%","±6.3"
"POVERTY RATE FOR THE POPULATION 25 YEARS AND OVER FOR WHOM POVERTY STATUS IS DETERMINED BY EDUCATIONAL ATTAINMENT LEVEL","","","","","","","","","","","","","","","","","","","","","","","","","","","","","","","","","","","","","","","","","","","","","","","","","","","","","","","","","","","","","","","","","","","","","","","","","","","","","","","","","","","","","","","","","","","","","","","",""
"    Less than high school graduate","(X)","(X)","27.9%","±4.9","(X)","(X)","23.3%","±6.5","(X)","(X)","31.7%","±6.0","(X)","(X)","25.8%","±9.3","(X)","(X)","22.0%","±13.2","(X)","(X)","28.9%","±11.1","(X)","(X)","25.3%","±3.8","(X)","(X)","22.4%","±4.3","(X)","(X)","28.1%","±4.3","(X)","(X)","24.6%","±4.1","(X)","(X)","22.3%","±4.8","(X)","(X)","27.2%","±5.0","(X)","(X)","31.5%","±6.4","(X)","(X)","28.4%","±7.6","(X)","(X)","35.4%","±7.3","(X)","(X)","28.3%","±5.4","(X)","(X)","23.6%","±5.7","(X)","(X)","32.5%","±6.6","(X)","(X)","29.8%","±4.1","(X)","(X)","22.9%","±4.2","(X)","(X)","36.7%","±5.6","(X)","(X)","26.1%","±10.6","(X)","(X)","31.5%","±12.3","(X)","(X)","18.2%","±12.3"
"    High school graduate (includes equivalency)","(X)","(X)","23.5%","±3.5","(X)","(X)","17.2%","±5.2","(X)","(X)","29.1%","±5.3","(X)","(X)","10.4%","±3.4","(X)","(X)","12.8%","±5.9","(X)","(X)","8.4%","±3.3","(X)","(X)","14.4%","±2.5","(X)","(X)","10.6%","±2.8","(X)","(X)","18.0%","±3.6","(X)","(X)","20.4%","±4.9","(X)","(X)","22.1%","±7.6","(X)","(X)","18.6%","±5.7","(X)","(X)","20.8%","±4.4","(X)","(X)","16.6%","±5.7","(X)","(X)","23.9%","±6.6","(X)","(X)","26.0%","±4.3","(X)","(X)","18.3%","±4.7","(X)","(X)","33.1%","±6.7","(X)","(X)","24.6%","±5.3","(X)","(X)","24.2%","±7.2","(X)","(X)","25.1%","±6.6","(X)","(X)","8.4%","±4.8","(X)","(X)","9.2%","±7.0","(X)","(X)","7.7%","±5.4"
"    Some college or associate's degree","(X)","(X)","15.9%","±2.1","(X)","(X)","12.0%","±3.3","(X)","(X)","19.2%","±3.0","(X)","(X)","9.9%","±2.5","(X)","(X)","10.1%","±3.9","(X)","(X)","9.7%","±3.4","(X)","(X)","12.5%","±1.9","(X)","(X)","9.6%","±2.1","(X)","(X)","15.0%","±2.6","(X)","(X)","14.9%","±3.1","(X)","(X)","13.7%","±5.1","(X)","(X)","15.8%","±4.0","(X)","(X)","13.5%","±2.9","(X)","(X)","12.9%","±4.8","(X)","(X)","13.9%","±3.8","(X)","(X)","13.6%","±2.7","(X)","(X)","14.4%","±4.7","(X)","(X)","13.1%","±3.5","(X)","(X)","16.8%","±5.3","(X)","(X)","16.9%","±6.7","(X)","(X)","16.8%","±6.9","(X)","(X)","9.0%","±3.1","(X)","(X)","7.2%","±3.6","(X)","(X)","10.3%","±4.3"
"    Bachelor's degree or higher","(X)","(X)","9.1%","±2.8","(X)","(X)","12.4%","±6.1","(X)","(X)","7.0%","±2.7","(X)","(X)","3.9%","±0.9","(X)","(X)","3.2%","±1.4","(X)","(X)","4.6%","±1.6","(X)","(X)","7.9%","±1.5","(X)","(X)","7.6%","±2.4","(X)","(X)","8.0%","±1.9","(X)","(X)","8.1%","±3.3","(X)","(X)","5.5%","±4.2","(X)","(X)","9.6%","±4.3","(X)","(X)","9.7%","±3.5","(X)","(X)","7.3%","±4.9","(X)","(X)","11.2%","±4.4","(X)","(X)","6.1%","±3.0","(X)","(X)","7.6%","±5.7","(X)","(X)","5.1%","±3.5","(X)","(X)","18.3%","±8.7","(X)","(X)","21.8%","±12.8","(X)","(X)","15.7%","±10.8","(X)","(X)","5.3%","±3.4","(X)","(X)","4.3%","±3.3","(X)","(X)","6.1%","±5.1"
"MEDIAN EARNINGS IN THE PAST 12 MONTHS (IN 2016 INFLATION-ADJUSTED DOLLARS)","","","","","","","","","","","","","","","","","","","","","","","","","","","","","","","","","","","","","","","","","","","","","","","","","","","","","","","","","","","","","","","","","","","","","","","","","","","","","","","","","","","","","","","","","","","","","","","",""
"    Population 25 years and over with earnings","33,262","±2,941","(X)","(X)","32,491","±4,299","(X)","(X)","33,700","±3,141","(X)","(X)","52,404","±2,821","(X)","(X)","60,753","±4,421","(X)","(X)","48,209","±4,980","(X)","(X)","30,357","±866","(X)","(X)","31,863","±935","(X)","(X)","27,974","±1,464","(X)","(X)","26,810","±1,225","(X)","(X)","27,091","±2,141","(X)","(X)","26,561","±1,398","(X)","(X)","30,385","±1,799","(X)","(X)","31,138","±2,277","(X)","(X)","29,343","±3,157","(X)","(X)","25,765","±1,331","(X)","(X)","26,298","±1,448","(X)","(X)","24,881","±1,947","(X)","(X)","21,905","±916","(X)","(X)","24,136","±1,545","(X)","(X)","19,051","±3,033","(X)","(X)","41,619","±6,358","(X)","(X)","40,425","±10,718","(X)","(X)","44,207","±6,184","(X)","(X)"
"        Less than high school graduate","18,758","±2,876","(X)","(X)","21,732","±3,537","(X)","(X)","14,777","±2,961","(X)","(X)","26,653","±4,888","(X)","(X)","27,379","±11,869","(X)","(X)","-","**","(X)","(X)","20,933","±951","(X)","(X)","22,777","±2,209","(X)","(X)","17,443","±1,648","(X)","(X)","19,909","±2,107","(X)","(X)","21,105","±2,426","(X)","(X)","16,677","±2,285","(X)","(X)","20,065","±2,744","(X)","(X)","20,703","±3,019","(X)","(X)","17,934","±3,786","(X)","(X)","20,633","±2,686","(X)","(X)","22,382","±3,316","(X)","(X)","18,623","±3,222","(X)","(X)","19,493","±1,570","(X)","(X)","21,503","±1,249","(X)","(X)","13,504","±1,598","(X)","(X)","17,307","±6,363","(X)","(X)","-","**","(X)","(X)","-","**","(X)","(X)"
"        High school graduate (includes equivalency)","24,537","±3,024","(X)","(X)","26,415","±4,791","(X)","(X)","23,056","±3,318","(X)","(X)","31,635","±12,831","(X)","(X)","40,528","±14,430","(X)","(X)","27,435","±8,497","(X)","(X)","26,852","±1,439","(X)","(X)","30,475","±2,081","(X)","(X)","22,737","±4,101","(X)","(X)","21,957","±2,745","(X)","(X)","25,682","±7,330","(X)","(X)","19,835","±2,051","(X)","(X)","28,484","±3,377","(X)","(X)","30,619","±3,768","(X)","(X)","27,528","±9,303","(X)","(X)","23,111","±2,197","(X)","(X)","25,814","±2,898","(X)","(X)","20,019","±5,163","(X)","(X)","22,299","±2,409","(X)","(X)","25,709","±2,874","(X)","(X)","20,199","±3,807","(X)","(X)","32,378","±11,334","(X)","(X)","31,230","±8,513","(X)","(X)","40,574","±14,751","(X)","(X)"
"        Some college or associate's degree","35,216","±4,697","(X)","(X)","36,178","±6,764","(X)","(X)","33,795","±5,131","(X)","(X)","42,135","±4,391","(X)","(X)","48,624","±3,487","(X)","(X)","38,156","±5,407","(X)","(X)","32,181","±873","(X)","(X)","35,871","±2,873","(X)","(X)","29,997","±1,588","(X)","(X)","31,276","±1,428","(X)","(X)","30,776","±1,822","(X)","(X)","31,805","±3,557","(X)","(X)","31,640","±2,569","(X)","(X)","34,330","±5,891","(X)","(X)","27,237","±7,881","(X)","(X)","31,705","±1,637","(X)","(X)","31,556","±3,436","(X)","(X)","31,817","±2,973","(X)","(X)","25,192","±2,294","(X)","(X)","29,688","±10,676","(X)","(X)","21,463","±2,090","(X)","(X)","35,114","±3,823","(X)","(X)","36,446","±6,925","(X)","(X)","33,644","±3,948","(X)","(X)"
"        Bachelor's degree","54,890","±6,319","(X)","(X)","54,432","±13,594","(X)","(X)","55,318","±6,735","(X)","(X)","60,991","±2,642","(X)","(X)","67,317","±12,952","(X)","(X)","56,186","±6,510","(X)","(X)","43,349","±3,649","(X)","(X)","50,898","±2,671","(X)","(X)","38,310","±5,464","(X)","(X)","33,685","±6,789","(X)","(X)","42,136","±5,275","(X)","(X)","31,405","±1,804","(X)","(X)","44,634","±7,483","(X)","(X)","51,418","±16,261","(X)","(X)","36,938","±12,099","(X)","(X)","36,774","±8,926","(X)","(X)","31,830","±9,524","(X)","(X)","50,493","±13,651","(X)","(X)","30,694","±6,744","(X)","(X)","35,163","±7,062","(X)","(X)","23,274","±3,715","(X)","(X)","52,445","±9,044","(X)","(X)","55,347","±18,248","(X)","(X)","52,333","±7,294","(X)","(X)"
"        Graduate or professional degree","70,268","±6,988","(X)","(X)","52,043","±27,126","(X)","(X)","74,292","±6,458","(X)","(X)","78,882","±3,948","(X)","(X)","86,293","±18,381","(X)","(X)","69,915","±9,786","(X)","(X)","60,679","±6,893","(X)","(X)","68,265","±8,178","(X)","(X)","53,643","±8,127","(X)","(X)","51,645","±9,323","(X)","(X)","54,628","±32,447","(X)","(X)","37,614","±21,064","(X)","(X)","53,838","±2,996","(X)","(X)","52,433","±3,982","(X)","(X)","55,682","±9,395","(X)","(X)","60,000","±13,014","(X)","(X)","61,364","±36,122","(X)","(X)","56,250","±17,305","(X)","(X)","51,442","±14,490","(X)","(X)","-","**","(X)","(X)","52,276","±44,859","(X)","(X)","69,643","±6,604","(X)","(X)","68,716","±21,682","(X)","(X)","70,608","±8,203","(X)","(X)"